사업명,사업목적,지원내용,지원대상,지원조건,지원규모_신규(단위-억원),지원규모_계속(단위-억원),지원규모_합계(단위-억원),공고시작년월,공고종료년월,접수시작년월,접수종료년월,평가시작년월,평가종료년월,협약및사업비지급시작년월,협약및사업비지급종료년월
AI자율제조SDM플랫폼기술개발사업,제조과정에서 산업 AI 기반의 로봇·장비·시스템 등이 자율적으로 협업하기 위해 기업 내 혹은 기업 간 이기종 IT·OT 제조데이터를 연계하는 SDM 플랫폼 기술개발,"AI 자율제조 SDM 플랫폼 기술개발 : AI 자율제조 SDM 플랫폼 공통 적용 기술, 업종별(기계산업, 소재산업, IT산업) 특화 기술, 플랫폼 성능검증 기술개발 등","기업, 대학, 연구기관, 연구조합, 사업자단체 등 산업기술혁신촉진법 제11조 제2항 및 같은 법 시행령 제11조, 산업기술혁신사업 공통 운영요령 제2조제1항제3호, 제4호 및 제4의2호, 9의3부터 9의5에 해당하는 기관","과제당 연간 15억원 내외, 총 개발기간 3년 ※ 세부과제별 지원규모 및 지원기간은 공고 시 별도 안내",92,0,92,2025-01-25,2025-01-25,2025-01-25,2025-02-25,2025-03-25,2025-04-25,2025-04-25,2025-04-25
PIM인공지능반도체핵심기술개발(R&D),"DRAM 제조 공정 기술 고도화, PIM용 차세대 비휘발성 메모리(MRAM, PRAM) 제어 기술 및 공정·소재·장비 상용화 기술 개발을 통한 PIM용 메모리 기술 고도화",PIM 제조를 위한 후공정 조립 및 검사 소재·부품·장비 및 전공정용 증착 소재·부품·장비 기술개발,"기업, 대학, 연구기관, 연구조합, 사업자단체 등","과제당 연간 10억원 내외, 총 개발기간 3~4년 ※ 세부과제별 지원규모 및 지원기간은 공고 시 별도 안내",20,159,179,2025-01-25,2025-01-25,2025-02-25,2025-03-25,2025-03-25,2025-04-25,2025-04-25,2025-04-25
SDV아키텍처를위한In-Vehicle초고속통신반도체기술개발(R&D),"레벨 4 이상 자율주행 및 미래 SDV/전장 아키텍처 실현을 위해서는 10Gbps 이상의 데이터 전송 속도를 지원할 수 있는 이더넷 스위치 개발 및 이를 기반으로 한 최적 네트워크 구조 개발이 필수로, ‘SDV 네트워크 인프라 아키텍처’ 및 ‘초고속 통신 반도체’ 개발을 통한 SDV 신시장 대응","(SDV용 초고속 통신 반도체) 광대역 다중 보안 및 지능형 로드 밸런싱 기능 탑재 초고속 이더넷스위치 반도체(10Gbps 이상) 개발 및 차세대 zonal 전장구조향 하드웨어 보안 모듈 적용 네트워크 스위치 개발 / (기능 특화형 ECU 및 제어기술) SDV를 위한 기능을 수행하는 센서 데이터 초고속/고신뢰 전송이 가능한 기능특화형(라이다, 레이더, 카메라 등) ECU 개발 및 네트워크 제어 기술 개발 / (통신 네트워크 아키텍처 개발 및 실증) SDV 최적 구현을 위한 통합형 네트워크 인프라 아키텍처(10Gbps급 다채널 지원 가능) 개발 및 실증","국가연구개발사업 관련 규정에 의거 신청 가능한 기관(대학, 연구소, 기업 등)","과제별 특성에 따라 연구비 차등 지원 - RFP의 수행조건에 따라 산, 학, 연 간 공동개발형태로 수행되며, 출연(기업이 참여하는 경우 매칭) 형태로 지원",45.8,0,45.8,2025-01-25,2025-02-25,2025-01-25,2025-02-25,2025-03-25,2025-04-25,2025-04-25,2025-04-25
SDV용AI가속기반도체기술개발(R&D),세계 최고 수준의 차세대 SDV向 AI가속기 반도체 기술개발을 통한 국내 자동차 산업의 기술 주도권 및 글로벌 기술경쟁력 확보,"(1,000 TOPS급 AI가속기 개발) SDV용 AI 추론성능 지원 가속기 반도체(1,000TOPS급) 개발 및 차량용 기능안전 보안 아키텍처 기술개발 / (AI 컴퓨팅 SW) SDV 신시장 대응을 위한 다양한 인공지능 서비스 동시 구현이 가능한 AI 가속기 및 AP 구동 SW 개발 / (AI 가속기 기반 제어기 모듈 개발 및 검증) SoC 가상화 플랫폼 기반 SW 검증 환경 개발 및 통합제어기 실증","국가연구개발사업 관련 규정에 의거 신청 가능한 기관(대학, 연구소, 기업 등)","과제별 특성에 따라 연구비 차등 지원 - RFP의 수행조건에 따라 산, 학, 연 간 공동개발형태로 수행되며, 출연(기업이 참여하는 경우 매칭) 형태로 지원",42.5,0,42.5,2025-01-25,2025-02-25,2025-01-25,2025-02-25,2025-03-25,2025-04-25,2025-04-25,2025-04-25
XR 디바이스를 위한 AMOLED 마이크로 디스플레이 핵심기술개발(R&D),현실 세계와 가상 세계를 효과적으로 결합할 수 있는 XR 기기의 핵심 표시 소자인 OLED 기반 마이크로 디스플레이(OLEDoS) 패널 및 모듈 제조 기술 개발,"XR 디바이스를 위한 AMOLED 마이크로 디스플레이 핵심기술개발 : 마이크로 OLED 패널, 모듈 2개 분야 5개 세부기술개발 과제 지원","기업, 대학, 연구기관, 연구조합, 사업자단체 등 산업기술혁신촉진법 제11조 제2항 및 같은 법 시행령 제11조, 산업기술혁신사업 공통 운영요령 제2조제1항제3호, 제4호 및 제4의2호, 9의3부터 9의5에 해당하는 기관","과제당 연간 12억원 내외, 총 개발기간 5년 ※ 세부과제별 지원규모 및 지원기간은 공고 시 별도 안내 ",54,0,54,2025-01-25,2025-01-25,2025-01-25,2025-02-25,2025-03-25,2025-04-25,2025-04-25,2025-04-25
건설현장다목적고소작업을위한로봇플랫폼및XR기반인간로봇협업기술개발,"건설현장 고소작업 수행 시, 작업자 중심 현장 시공 작업 방식의 파괴적 혁신을 위한 건설로봇 및 인간-로봇 협력 운용 기술개발","건설현장 고숙련·위험 고소작업 3종(용접, 내와뿜칠, 도장)의 자율작업이 가능한 로봇 작업 지능-모듈화 및 인간-로봇 커뮤니케이션 기술개발 지원 ※ 다부처 협업사업(산업부-국토부) - (국토부) 주관부처로 건설현장 고소작업 작업자-로봇 원격제어 기술, 통합관제 기술을 개발하고 테스트베드 등 구축 운영","기업, 대학, 연구기관, 연구조합, 사업자단체 등 산업기술혁신촉진법 제11조 제2항 및 같은 법 시행령 제11조, 산업기술혁신사업 공통 운영요령 제2조제1항제3호, 제4호 및 제4의2호, 9의3부터 9의5에 해당하는 기관 ","과제당 연간 10억원 내외, 총 개발기간 4~5년 ※ 세부과제별 지원규모 및 지원기간은 공고 시 별도 안내 ",10.08,0,10.08,2025-01-25,2025-03-25,2025-01-25,2025-03-25,2025-03-25,2025-04-25,2025-04-25,2025-04-25
공간컴퓨팅구현첨단XR디바이스·부품통합형기술개발(R&D),대형시장 개화가 임박한 XR산업의 시장선점을 위하여 세계최초·세계최고의 첨단 XR디바이스·핵심부품·서비스·콘텐츠 통합개발,공간컴퓨팅구현첨단XR디바이스·부품통합형기술개발 : 첨단 XR디바이스 및 핵심부품·서비스 분야 4개 세부기술개발 과제 지원,"기업, 대학, 연구기관, 연구조합, 사업자단체 등 산업기술혁신촉진법 제11조 제2항 및 같은 법 시행령 제11조, 산업기술혁신사업 공통 운영요령 제2조제1항제3호, 제4호 및 제4의2호, 9의3부터 9의5에 해당하는 기관 ","과제당 연간 10억원 내외, 총 개발기간 5년 ※ 세부과제별 지원규모 및 지원기간은 공고 시 별도 안내",27,0,27,2025-01-25,2025-01-25,2025-01-25,2025-02-25,2025-03-25,2025-04-25,2025-04-25,2025-04-25
국가로봇테스트필드사업,로봇 제품의 개발·실증·인증을 포괄적으로 지원하는 가상환경/실환경 기반 국가로봇테스트필드 구축,로봇실증평가기술개발 : 로봇 제품/서비스의 유효성 및 신뢰성 실증을 위한 가상환경 기반 디지털 트윈 실증평가 기술개발 및 실환경 시나리오 기반 실증평가 기술개발 / 실증인프라구축및운영 : 유망 로봇서비스 대상 실-가상환경 양방향 연동 실증 인프라 구축,"기업, 대학, 연구기관, 연구조합, 사업자단체 등 산업기술혁신촉진법 제11조 제2항 및 같은 법 시행령 제11조, 산업기술혁신사업 공통 운영요령 제2조제1항제3호, 제4호 및 제4의2호, 9의3부터 9의5에 해당하는 기관","과제당 연간 10억원 내외, 총 개발기간 4~5년 ※ 세부과제별 지원규모 및 지원기간은 공고 시 별도 안내 ",82.36,298.95,381.31,2025-01-25,2025-03-25,2025-01-25,2025-03-25,2025-03-25,2025-04-25,2025-04-25,2025-04-25
국가신약개발사업,국내 제약 바이오 산업의 글로벌 경쟁력 강화와 의약주권 확보를 위해 제약기업과 학ㆍ연ㆍ병의 오픈이노베이션 전략을 바탕으로 신약개발 전주기 단계 지원,"신약기반확충 : 질적·양적으로 우수한 초기 파이프라인의 지속적 공급을 목표로 연구자의 창의적·도전적인 연구개발 지원을 통한 유효물질 및 선도물질 도출 지원 / 신약R&D생태계구축연구 : 기초연구와 임상연구 간 연계가 원활히 이뤄질 수 있는 생태계 구축 및 중소 벤처기업 집중 육성 지원 / 신약임상개발 : 기업 중심의 신약 개발 및 글로벌 수준의 기술이전을 위한 임상1상 및 2상 지원 / 신약R&D사업화지원 : 임상, 기술사업화, 제조·생산 등 신약개발의 주요 단계별 장벽 해소 지원","기업, 대학, 연구기관, 병원 등","과제당 연간 4억~35억원 내외, 총 개발기간 24개월 내외 ※ 내역사업별 지원대상 및 지원조건이 상이하며, 세부과제별 지원규모 및 지원기간은 공고 시 별도 안내 ",151.32,236.05,387.37,2025-12-24,2025-05-25,2025-12-24,2025-06-25,2025-01-25,2025-08-25,2025-04-25,2025-09-25
국가전략기준물질개발,"첨단산업 경쟁력 강화와 소재부품의 공급망 안정화를 위한 국가전략기준물질* 개발 및 자립화 기반구축 지원 * 국가전략기준물질 : 국가첨단전략산업 소재 부품의 품질 검증을 위해 필요한 물질로서, 소재 등의 특성값을 정하는데 기준이 되는 표준물질","전략기준물질 : 국가첨단전략산업 경쟁력 강화 및 보호에 관한 특별조치법」에 따라 반도체, 디스플레이, 이차전지, 바이오 4개 산업 분야 분야","기업, 대학, 연구기관, 연구조합, 사업자단체 등 산업기술혁신촉진법 제11조 제2항 및 같은 법 시행령 제11조, 산업기술혁신사업 공통 운영요령 제2조제1항제3호, 제4호 및 제4의2호, 9의3부터 9의5에 해당하는 기관 ","과제당 연간 3.3억원 내외, 총 개발기간 12개월~21개월 내 ※ 세부과제별 지원규모 및 지원기간은 공고 시 별도 안내",33,0,33,2025-02-25,2025-03-25,2025-03-25,2025-04-25,2025-04-25,2025-04-25,2025-04-25,2025-04-25
국가표준기술개발및보급,"(국가표준기술력향상) 우리 기술의 대외경쟁력 강화와 글로벌 新시장 선점을 위해 표준화 정책 수립, 국제표준(ISO/IEC) 개발·제안 등을 지원 / (국제표준화협력) 주요 표준 선도국가와의 전략적 파트너십 구축을 통한 첨단분야 국제표준 공동 개발, 국제표준 포럼 구성·운영 등을 지원","국가표준기술력향상 : (표준화 연구개발) 글로벌 시장을 선도할 수 있는 국내기술의 국제표준(안)을 개발하여 국제표준화기구 (ISO/IEC 등)에 제안, (표준기반조성) 우리기술 및 제품의 국제표준화를 위한 정책·제도 발굴, 국제동향·이슈 대응, 국제협력 등 국제표준화 기반 구축 / 국제표준화협력 : 국제협력을 통한 표준 선점이 필요한 ‘양자기술’ 분야","기업, 대학, 연구소, 시험연구원, 협회, 연구조합, 사업자단체 등",[국가표준기술력향상] - (표준화연구개발) 1.2억원/년 내외(1차년 : 0.9억원 이내) - (표준기반조성) 3.0억원/년 내외(1차년 : 2.25억원 이내) / [국제표준화협력] - 3.6억원/년 내외(1차년 : 2.77억원 이내) ※ 세부과제별 지원규모 및 지원기간은 공고 시 별도 안내,119.79,411.21,531,2025-01-25,2025-01-25,2025-02-25,2025-02-25,2025-03-25,2025-03-25,2025-04-25,2025-04-25
국제표준기반 시험장비 기술개발 및 고도화 지원사업,국가 첨단산업의 빠른 성장을 지원할 수 있도록 국제적 수준의 시험평가 장비개발을 통한 첨단제품의 수출 증대 및 국내 장비 업체의 경쟁력 강화,"산업용 네트워크, 전력반도체, 차세대 모빌리티 분야 등 시험장비 개발","기업, 대학, 연구기관, 연구조합, 사업자단체 등 산업기술혁신촉진법 제11조 제2항 및 같은 법 시행령 제11조, 산업기술혁신사업 공통 운영요령 제2조제1항제3호, 제4호 및 제4의2호, 9의3부터 9의5에 해당하는 기관","과제당 연간 2.16억원 내외, 총 개발기간 1년  ※ 세부과제별 지원규모 및 지원기간은 공고 시 별도 안내 ",36,0,36,2025-02-25,2025-02-25,2025-02-25,2025-03-25,2025-03-25,2025-04-25,2025-04-25,2025-04-25
글로벌재활용규제대응플라스틱밸류업을위한혁신기술개발,글로벌 규제 대응 석유화학제품인 폐플라스틱 재활용 산업 전반에 혁신적 기술개발을 통해 석유화학 산업의 새로운 가치 창조,폐플라스틱 재활용 산업 가치사슬(수거→선별→재생제품 생산/판매) 전반에 혁신적 기술을 개발·적용하여 석유화학 산업의 새로운 가치 창조,"기업, 대학, 연구기관, 연구조합, 사업자단체 등 산업기술혁신촉진법 제11조 제2항 및 같은 법 시행령 제11조, 산업기술혁신사업 공통 운영요령 제2조제1항제3호, 제4호 및 제4의2호, 9의3부터 9의5에 해당하는 기관","과제당 연간 21억원 내외, 총 개발기간 45개월 이내 ※ 세부과제별 지원규모 및 지원기간은 공고 시 별도 안내 ",12,0,12,2025-01-25,2025-01-25,2025-02-25,2025-03-25,2025-03-25,2025-04-25,2025-04-25,2025-04-25
글로벌진출형탄소순환바이오산업소재제품개발및실증사업,바이오산업소재의 사용 후 수거·선별과 바이오공정기술 적용 탄소순환(사용 회수 분해 유용자원화)하는 실증프로세스 개발과 이를 활용한 전과정(LCA) 평가 기술 개발을 통해 국내 생분해성 플라스틱 산업의 기술경쟁력 강화와 신시장 창출,"바이오공정 기반 전주기 탄소순환 플랫폼 기술개발 : 바이오산업제품 수거·선별 시스템 및 탄소순환기술 실증 기술 개발, 바이오산업소재 바이오분해 촉진 및 가스 분리정제 기술 개발, 바이오매스기반 요소 생산 및 호기성 퇴비화 공정기술 개발 및 바이오공정 기반 탄소순환 전과정평가","기업, 대학, 연구기관 등","과제당 연간 9억원 내외, 총 개발기간 5년 ※ 세부과제별 지원규모 및 지원기간은 공고 시 별도 안내 ",26.7,0,26.7,2025-01-25,2025-01-25,2025-02-25,2025-03-25,2025-03-25,2025-04-25,2025-04-25,2025-04-25
기계장비산업기술개발사업,주력산업 생산활동의 기반인 제조장비 및 산업용기계 관련 핵심기술개발과 실증지원을 통해 주력산업의 자립화와 고부가가치화 도모,"제조기반생산시스템 : 반도체, 자동차, 조선 등 우리나라 수출 주력산업과 신산업의 부품·제품 생산활동에 기반을 제공하는 생산장비 및 산업용 기계·시스템의 상용화를 위한 핵심기술개발 지원 / 기계제조장비실증 : 해외의존도가 높은 분야의 기계장비와 핵심부품의 상용화를 위해 해당 부품의 수요-공급 기업을 대상으로 기개발된 R&D 성과물의 실증을 통한 Track-record 확보 및 고도화 지원 / 제조장비산업 전주기기술개발 : 제조장비 핵심기술 사업화 촉진을 위해 전략품목에 대한 핵심품목의 설계 및 신뢰성 검증지원과 수요-공급 협력기반의 고부가장비 신뢰성체계 구축 지원","기업, 대학, 연구기관, 연구조합, 사업자단체 등 산업기술혁신촉진법 제11조 제2항 및 같은 법 시행령 제11조, 산업기술혁신사업 공통 운영요령 제2조 제1항 제3호, 제4호 및 제4의2호, 9의3부터 9의5에 해당하는 기관","과제당 연간 10억원 내외, 총 개발기간 3~5년(단, 기계제조장비실증사업은 1년) ※ 세부과제별 지원규모 및 지원기간은 공고 시 별도 안내 ",393.9,1188.54,1582.44,2025-01-25,2025-07-25,2025-01-25,2025-07-25,2025-03-25,2025-08-25,2025-04-25,2025-04-25
농업기계디지털전환향개방형A-SW오픈소스및협력개발서비스플랫폼구축,정밀농업으로의 패러다임 변화로 인한 전북특별자치도 주축산업인 농업기계 디지털 산업전환 기술의 고도화 및 산학연 협업 지역생태계 구축을 통한 관련기업의 기술 수준과 수출 경쟁력 제고,"농업기계디지털전환향개방형 A-SW오픈소스및협력개발서비스플랫폼구축 : 농기계 산업의 디지털 산업전환 핵심기술인 전기구동 플랫폼, 자율주행 및 ISOBUS 등 자동화 관련 개방형 A-SW 오픈소스 개발 및 배포로 신속제품(rapid prototype) 개발지원","기업, 대학, 연구기관, 연구조합, 사업자단체 등 산업기술혁신촉진법 제11조 제2항 및 같은 법 시행령 제11조, 산업기술혁신사업 공통 운영요령 제2조 제1항 제3호, 제4호 및 제4의2호, 9의3부터 9의5에 해당하는 기관",세부과제별 지원규모 및 지원기간은 공고 시 별도 안내,3,0,3,2025-01-25,2025-03-25,2025-01-25,2025-03-25,2025-03-25,2025-04-25,2025-04-25,2025-04-25
디자인산업기술개발사업,디자인융합 혁신 기술개발 지원을 통해 시장 및 수요자를 만족하는 고부가가치를 창출하여 디자인 기반 미래성장동력 확보와 디자인 산업 역량 강화,"디자인혁신역량강화 : 디자인 과정을 혁신하는 핵심기술* 개발 및 글로벌 신시장 창출이 가능한 도전적 디자인 제품·서비스 개발 * (8大 디자인 핵심기술 중점투자) AI 디자인 생성, CMF구현, 인간공학설계, 프로토타이핑, 디자인-생산연동, 에코디자인패키징, 소비자·트렌드분석적용, 디자인협업플랫폼 / CMF 디자인핵심기술개발 : 급격한 시장 변화에 즉각 대응 가능한 CMF 디자인 솔루션 및 핵심기술 개발을 지원하여 사용자 오감을 충족하는 고급·혁신 감성 소재 및 제품 발굴","기업, 대학, 연구기관, 연구조합, 사업자단체 등 산업기술혁신촉진법 제11조 제2항 및 같은 법 시행령 제11조, 산업기술혁신사업 공통 운영요령 제2조제1항제3호, 제4호 및 제4의2호, 9의3부터 9의5에 해당하는 기관","과제당 연간 6억원 내외, 총 개발기간 3~5년 ※ 세부과제별 지원규모 및 지원기간은 공고 시 별도 안내 ",189.42,127.6,317.02,2025-01-25,2025-04-25,2025-02-25,2025-05-25,2025-03-25,2025-06-25,2025-04-25,2025-06-25
로봇산업기술개발사업,로봇분야 첨단융합제품·부품·원천기술 및 기반구축을 집중 지원하여 산업경쟁력을 제고하고 미래 신산업을 육성,"로봇산업핵심기술개발사업 : 다양한 로봇 응용분야의 범부처 수요와 연계하고 성장·유망분야 핵심 로봇 제품 및 다양한 로봇 제품의 기반이 되는 원천 및 공통기술 개발 지원 / 빅데이터활용마이스터 로봇화기반구축 : 旣구축 뿌리기계에 빅데이터ㆍ로봇 기술을 적용하여 숙련공의 노하우를 디지털화ㆍ자동화할 수 있도록 기반 구축 / 재난및위험작업현장근로자의사고방지를위한안전로봇기술개발 : 소방 현장에서 현장 대원을 보조하여 안전한 재난 대응, 2차 사고 방지를 위한 소방안전 로봇 기술개발 및 현장 활용 / 사회적약자자립지원로봇기술개발 : 노인·장애인 등 사회적 약자 자립 지원을 목표로 일상생활에 필요한 보조 업무 지원 및 로봇 신시장 창출을 위한 로봇 제품 기술개발","기업, 대학, 연구기관, 연구조합, 사업자단체 등 산업기술혁신촉진법 제11조 제2항 및 같은 법 시행령 제11조, 산업기술혁신사업 공통 운영요령 제2조제1항제3호, 제4호 및 제4의2호, 9의3부터 9의5에 해당하는 기관 ","과제당 연간 10억원 내외, 총 개발기간 3~5년 ※ 세부과제별 지원규모 및 지원기간은 공고 시 별도 안내 ",242.46,1243.66,1486.12,2025-06-25,2025-06-25,2025-01-25,2025-07-25,2025-03-25,2025-08-25,2025-04-25,2025-04-25
무기발광디스플레이기술개발및생태계구축사업(R&D),"OLED 이후 차세대 기술로 주목받는 무기발광(iLED) 디스플레이 상용화를 위한 핵심기술 확보 및 마이크로LED 全 공정 실증 인프라 구축 / 무기발광 디스플레이 화소제조, 고속 패널생산, 초대형 모듈러 초격차 기술 확보 및 산업 생태계 조성","무기발광디스플레이기술개발및생태계구축 : 무기발광 디스플레이 화소, 패널 제조, 모듈 3개 분야 초격차 기술개발 및 마이크로LED 실증 인프라 구축 지원","기업, 대학, 연구기관, 연구조합, 사업자단체 등 산업기술혁신촉진법 제11조 제2항 및 같은 법 시행령 제11조, 산업기술혁신사업 공통 운영요령 제2조제1항제3호, 제4호 및 제4의2호, 9의3부터 9의5에 해당하는 기관 ","과제당 연간 10억원 내외, 총 개발기간 평균 4년(최대 8년) ※ 세부과제별 지원규모 및 지원기간은 공고 시 별도 안내 ",180,0,180,2025-01-25,2025-01-25,2025-01-25,2025-02-25,2025-03-25,2025-04-25,2025-04-25,2025-04-25
알키미스트+(미래판기술프로젝트),"향후 10~20년 내 新시장을 형성할 전략기술이 티핑포인트에 미리 도달하여 신산업 생태계를 구축할 수 있도록 통합솔루션(요소기술, 실증·시제품, 생산공정 등) 종합 개발·지원",단순 기술이 아닌 사업 목적(新시장 창출 및 기존산업 혁신)에 부합한 테마,"기업, 대학, 연구기관, 연구조합, 사업자단체 등 산업기술혁신촉진법 제11조 제2항 및 같은 법 시행령 제11조, 산업기술혁신사업 공통 운영요령 제2조제1항제3호, 제4호 및 제4의2호, 9의3부터 9의5에 해당하는 기관 *  주관기관이 기업인 경우는 접수 마감일 현재 법인사업자이어야 하며, 평가위원회 개최일 이전에 기업부설연구소 보유 필요",총 개발기간 3~8년 ※ 세부과제별 지원규모 및 지원기간은 공고 시 별도 안내 및 단계평가를 통해 조정 ,50,0,50,2025-01-25,2025-01-25,2025-01-25,2025-02-25,2025-03-25,2025-04-25,2025-04-25,2025-04-25
민관공동투자반도체고급인력양성(R&D),"대학·연구기관 석·박사 인력을 통해 기업수요형 R&D 과제 연구를 수행함으로써, 초격차 핵심기술개발 및 석박사 고급 인력양성 병행","메모리반도체, 시스템반도체, 반도체공정장비, 반도체 소재 분야 기술개발","대학, 연구기관 등","과제당 연간 2억원 내외, 총 개발기간 3~5년 ※ 세부과제별 지원규모 및 지원기간은 공고 시 별도 안내 ",45.97,119.32,165.29,2025-01-25,2025-01-25,2025-02-25,2025-03-25,2025-03-25,2025-04-25,2025-04-25,2025-04-25
바이오산업기술개발,국가 성장전략에 기반하여 바이오 분야의 핵심·원천기술 개발에 대한 집중 지원을 통해 미래 신산업을 육성하고 주력기간산업의 산업 경쟁력을 제고하여 미래 신성장 동력 창출,"맞춤형진단·치료제품 : 개량바이오의약품 개발, 개량의약기술 기반 치료제 및 감염병, 난치성 질환 치료제 관련 기술개발, 글로벌 진출형 바이오베터 개발 등 / 디지털헬스케어 : 빅데이터, AI, ICT 등 융복합 기술을 활용한 맞춤형 헬스케어 서비스, 디지털 치료제, 건강관리 제품·서비스 개발, 서비스 실증 등 / 첨단바이오신소재 : 생물체·자연유래 원료를 활용한 친환경 산업(의료·화학 등) 고도화를 위해 첨단 신소재 개발 및 제품화","기업, 대학, 연구소 등 - 단, 세부 내역사업별 특성에 따라 신청자격은 제한 또는 상이할 수 있으며, 상세 내용은 해당 세부사업 신규공고 시 안내 예정임","5년 이내 - 단, 신규 과제 지원 기준이며 세부과제별 지원규모 및 지원기간은 공고 시 별도 안내",576.78,706.13,1282.91,2025-01-25,2025-03-25,2025-03-25,2025-05-25,2025-04-25,2025-06-25,2025-04-25,2025-06-25
바이오파운드리인프라및활용기반구축사업,"바이오파운드리 인프라 구축 운영을 통해, 바이오 연구개발 및 사업화 속도를 제고하고 국내기업 혁신을 견인하여 바이오경제 시대를 선도","바이오파운드리 인프라 구축 : 바이오파운드리 센터 내 자동화 장비를 도입한 뒤, DBTL 단계별 핵심 워크플로 및 바이오파운드리 통합플랫폼을 개발하여 국가바이오파운드리 기반을 마련 / 바이오파운드리 산업생태계 확산 : 바이오파운드리 산업생태계 확산을 위한 전문인력 양성, 바이오제조 성능 검증 연구","기업, 대학, 연구기관, 연구조합, 사업자단체 등 산업기술혁신촉진법 제11조 제2항 및 같은 법 시행령 제11조, 산업기술혁신사업 공통 운영요령 제2조제1항제3호, 제4호 및 제4의2호, 9의3부터 9의5에 해당하는 기관","과제당 연간 10억원 내외, 총 개발기간 3~5년 ※ 세부과제별 지원규모 및 지원기간은 공고 시 별도 안내 ",51.7,0,51.7,2025-01-25,2025-01-25,2025-02-25,2025-03-25,2025-03-25,2025-04-25,2025-04-25,2025-04-25
바이오파운드리 핵심기기 및 장비 고도화 기술개발,"바이오파운드리 파이프라인에서 활용되는 핵심기기와 장비를 자립화, 고도화하고 자동화, 지능화, 기기 간 연결 기술 등 디지털화 기술을 개발하여, 세계적으로 기술 개발 초기인 합성생물학 분야의 연구개발 및 사업화 속도를 높여, 국내 바이오 분야의 디지털 전환과 생태계 조성을 촉진하여 세계 신시장을 견인",바이오파운드리용 장비 및 디지털트랜스포메이션(산업부) : 바이오파운드리 ‘설계-제작-시험-학습’ 파이프라인에 사용될 핵심 기기 및 장비의 국산화 및 시스템 표준화 기술개발 / 바이오파운드리용 장비 원천기술확보(과기부) : 국내 기술 기반의 바이오파운드리 핵심기기 및 장비 개발을 위한 원천 요소 기술 개발,"기업, 대학, 연구기관, 연구조합, 사업자단체 등 산업기술혁신촉진법 제11조 제2항 및 같은 법 시행령 제11조, 산업기술혁신사업 공통 운영요령 제2조제1항제3호, 제4호 및 제4의2호, 9의3부터 9의5에 해당하는 기관 ","과제당 연간 10억원 내외, 총 개발기간 5년 ※ 세부과제별 지원규모 및 지원기간은 공고 시 별도 안내 ",41.85,0,41.85,2025-01-25,2025-01-25,2025-02-25,2025-03-25,2025-03-25,2025-04-25,2025-04-25,2025-04-25
반도체첨단패키징선도기술개발사업(R&D),"반도체 미세공정 한계극복과 차세대 시스템 반도체 초격차를 위한 초격차 패키징 기술 확보 추진 및 고성능 AI 반도체 제조산업을 이끌어 갈 고집적, 고기능, 저전력화 첨단 패키징 초격차 전략기술 확보","기술선도형첨단패키징기술개발 아직 상용화되지 않았으나 선진 경쟁사에서 개발 중이거나 5년에서 10년 사이에 상용화될 가능성이 높은 차세대 패키지 핵심 기술에 대한 선제적 기술개발 지원/기술자립형 첨단패키징기술개발 : 글로벌 선진 종합 반도체 기업이 양산 중인 고부가 모듈 구현에 필요한 첨단패키징 기술과 검사, 테스트 등의 소재, 부품, 장비 공급망 내재화 기술개발 지원 / 글로벌기술확보형 첨단패키징기술개발 : 첨단패키징 시장 지배력을 위한 글로벌 주요 기관과의 기술 검증 플랫폼 구축, 국제 첨단패키징 로드맵 작업 등 기술협력 활동 지원","기업, 대학, 연구기관, 연구조합, 사업자단체 등 산업기술혁신촉진법 제11조 제2항 및 같은 법 시행령 제11조, 산업기술혁신사업 공통 운영요령 제2조제1항제3호, 제4호 및 제4의2호, 9의3부터 9의5에 해당하는 기관","과제당 연간 10억원 내외, 총 개발기간 3~7년 ※ 세부과제별 지원규모 및 지원기간은 공고 시 별도 안내 ",178,0,178,2025-01-25,2025-01-25,2025-02-25,2025-03-25,2025-03-25,2025-04-25,2025-04-25,2025-04-25
산업기술R&D 연구기획사업,"초격차 프로젝트, 경제안보 필수기술 확보 등 산업부 핵심정책 및 정부 R&D 투자방향에 맞는 신규 R&D 사업의 사전기획 연구지원",전분야/전분야,"대학, 연구소, 산업체 등",과제 특성에 따라 차등 지원,16.45,0,16.45,2025-03-25,2025-10-25,2025-03-25,2025-10-25,2025-04-25,2025-10-25,2025-05-25,2025-12-25
산업기술알키미스트프로젝트,10~20년 후 미래 산업의 판도를 바꿀 수 있는 경제적·사회적 파급효과가 큰 도전·혁신적 핵심원천기술개발을 통해 미래 신시장·신산업 영역 창출,미래 산업·사회의 판도를 바꿀 지원 대상 테마와 관련된 산업기술 全분야,"(주관) 대학, 연구소 등 비영리, (공동) 제한 없음","1단계(개념연구, 2억원 내외/9개월), 2단계(선행연구, 5억원 내외/1년), 3단계(본 연구 연간 40억원/5년)",33.75,447.45,481.2,2025-01-25,2025-02-25,2025-02-25,2025-03-25,2025-03-25,2025-03-25,2025-04-25,2025-04-25
산업현장맞춤형온디바이스AI반도체기술개발(R&D),산업현장 맞춤형 온디바이스 AI 반도체 개발 및 수요현장 실증을 통해 산업지능화 및 글로벌 신시장 경쟁력 확보,"산업현장맞춤형온디바이스AI반도체기술개발 : (제조 생산성 향상) 저전력 로봇용 엣지 컴퓨팅 및 저지연 데이터 처리 가능한 엣지 컴퓨팅용 온디바이스 AI 반도체 개발 온디바이스 AI 반도체 개발, (핵심부품 진단) 산업 자동화 지원 및 고장진단등 수명예측이 가능한 온-칩 학습이  적용된 PHM 온디바이스 AI 반도체 개발, (에너지효율화) 제조현장 인지를 통한 공조시스템 및 전력 제어등 서브미터링(Sub-metering)용 온디바이스 AI 내장 SoC 개발",국가연구개발사업 관련 규정에 의거 신청 가능한 기관 및 연구자,"과제당 연간 15억원 내외, 총 개발기간 4년이내 ※ 세부과제별 지원규모 및 지원기간은 공고 시 별도 안내",43.2,0,43.2,2025-01-25,2025-01-25,2025-02-25,2025-03-25,2025-03-25,2025-04-25,2025-04-25,2025-05-25
석유화학무탄소연료기반NCC공정기술개발,인공지능을 활용한 ‘무탄소 연료기반 NCC(Naphtha Cracking Center) 공정기술’을 열분해공정에 적용하여 국내 석유화학산업의 온실가스 감축에 기여 및 석유화학 경쟁력 강화,석유화학산업의 NCC 공정을 대상으로 주연료를 무탄소 연료인 수소 또는 암모니아로 대체하기 위한 저 NOx·고효율 장치 및 설비 기술개발 지원,"기업, 대학, 연구기관, 연구조합, 사업자단체 등 산업기술혁신촉진법 제11조 제2항 및 같은 법 시행령 제11조, 산업기술혁신사업 공통 운영요령 제2조제1항제3호, 제4호 및 제4의2호, 9의3부터 9의5에 해당하는 기관",총 개발기간 45개월 이내 ※ 세부과제별 지원규모 및 지원기간은 공고 시 별도 안내 ,44.1,0,44.1,2025-01-25,2025-01-25,2025-02-25,2025-03-25,2025-03-25,2025-04-25,2025-04-25,2025-04-25
소재부품기술개발,"소재·부품의 해외의존도 완화, 기술고도화 및 미래시장 선점을 위해 소재·부품 기술 확보와 경쟁력 강화를 지원","소재부품패키지형 : 핵심소재 개발을 중심으로 소재-부품-모듈-수요 간 모든 단위기술에 연계 가능한 패키지형으로 기술개발 지원 * 시장선도형 소재부품 기술개발을 통해 개발된 소재가 활용될 수 있는 산업생태계 조성 / 소재부품이종기술융합형 : 시장수요에 대응하여 신속한 기술 확보를 위해 異種기술 결합, 업종 연계 등 융·복합 소재부품 기술개발 지원 / 전략핵심소재자립화기술개발 : 주력산업의 공급망에 결정적 영향을 미치는 핵심품목의 기술자립을 위해 프로젝트 방식으로 기술개발 지원 / 첨단전략산업 초격차(이차전지) : 차세대 배터리 기술경쟁력 우위 선점을 통한 글로벌 시장 선도를 위하여 친환경 모빌리티용 차세대 배터리 기술개발 지원","기업, 대학, 연구기관, 연구조합, 사업자단체 등 산업기술혁신촉진법 제11조 제2항 및 같은 법 시행령 제11조, 산업기술혁신사업 공통 운영요령 제2조제1항제3호, 제4호 및 제4의2호, 9의3부터 9의5에 해당하는 기관","과제당 연간 10~50억원 내외, 총 개발기간 3~9년 ※ 세부과제별 지원규모 및 지원기간은 공고 시 별도 안내",889.98,10889.95,11779.93,2025-01-25,2025-07-25,2025-01-25,2025-07-25,2025-02-25,2025-08-25,2025-04-25,2025-07-25
시장선도를위한한국주도형K-Sensor기술개발(R&D),주력산업의 데이터 수집·처리에 필요한 센서 기술개발과 센서산업 생태계 구축을 통한 전주기 지원체계 마련,"시장주도형 K-센서 기술개발 : 대외 의존도가 높은 주요센서 국산화 및 신시장 선점을 위해 수요 연계형 상용화기술, 미래 핵심센서 원천기술, 공통기반 플랫폼 기술 개발 / 제조혁신 기반구축 : 센서 시제품 제작 및 신뢰성 검증을 위한 인프라 구축을 통해 센서산업 전주기 지원체계 마련",국가연구개발사업 관련 규정에 의거 신청 가능한 기관 및 연구자,"과제당 연간 5~10억원 내외, 총 개발기간 3~7년이내 ※ 세부과제별 지원규모 및 지원기간은 공고 시 별도 안내",7.31,263.49,270.8,2025-01-25,2025-01-25,2025-02-25,2025-03-25,1955-06-01,2025-04-25,2025-04-25,2025-05-25
신산업 대응 차세대 공통·핵심 뿌리기술개발,수요산업 요구기반 부가가치 혁신을 위한 공통 핵심 뿌리기술 및 공정 효율화 기술개발을 통한 기술자산 공유·확산 지원,"첨단산업(전기차, 반도체, 배터리), 주력산업(조선, 기계, 방산) 등 2개 이상의 수요산업에 적용이 가능한 공통핵심 뿌리기술* 및 부가가치 제고를 위한 공정 효율화 기술(에너지 환경, 공정단축, 소재전환)을 개발* 주조, 금형, 소성가공, 용접, 표면처리, 열처리, 사출 프레스, 산업용 필름","뿌리기업*, 기업, 대학, 연구기관, 연구조합, 사업자단체 등 산업기술혁신촉진법 제11조 제2항 및 같은 법 시행령 제11조, 산업기술혁신사업 공통 운영요령 제2조제1항제3호, 제4호 및 제4의2호, 9의3부터 9의5에 해당하는 기관* 뿌리기술전문기업 또는 뿌리기업확인서를 발급받은 기업","과제당 20억원 내외, 총 개발기간 48개월 내외 ※ 과제별 지원규모 및 지원기간은 공고 시 별도 안내 ",77.14,0,77.14,2025-04-25,2025-04-25,2025-04-25,2025-05-25,2025-06-25,2025-06-25,2025-07-25,2025-07-25
신시장창출을위한수요연계시스템반도체기술개발,"중단기 상용화가능성이 높은 5개 업종(자동차, 에너지, 바이오, 드론·도심항공, IoT·스마트가전) 대상 제품기술개발부터 테스트, 시범활용, 상용화까지 원스톱협력 트랙레코드 확보","신시장창출을위한수요연계시스템반도체기술개발 : 수요기업이 연구개발과제에 공동참여(구매의향서 제출 필수)하고, 중단기 상용화 가능성이 높은 5개 업종(자동차, 에너지, 바이오, 드론·도심항공, IoT·스마트가전)을 대상으로한 시스템반도체 기술개발","기업, 대학, 연구기관 등","과제당 연간 18.3억원 내외, 총 개발기간 3년 ※ 세부과제별 지원규모 및 지원기간은 공고 시 별도 안내 ",15,90,105,2025-01-25,2025-01-25,2025-02-25,2025-03-25,2025-03-25,2025-04-25,2025-04-25,2025-04-25
융복합신기술제품안전기술지원사업,"전기용품, 생활용품, 어린이 제품 안전사고 위해로부터, 국민이 안전한 사회를 구현하기 위한 제품안전성 강화","제품 안전기준 및 평가기법 개발 : 융·복합 신제품, 사고다발·사고우려 제품에 대한 안전기준 개발 및 소비자 특성, 사용환경을 고려한 안전성 평가·향상기법 개발 / 제품안전성 향상 기반조성 : 비관리 및 사고다발·사고우려 제품에 대한 안전성 시험·평가 기반조성, 위해정보 수집·분석 플랫폼 개발, 제품안전성 향상을 위한 안전관리체계 개선 등","기업, 대학, 연구소, 시험인증기관 등","과제당 연간 2.16억원 내외, 총 개발기간 1년  ※ 세부과제별 지원규모 및 지원기간은 공고 시 별도 안내 ",38.95,5.3,44.25,2025-02-25,2025-02-25,2025-02-25,2025-03-25,2025-03-25,2025-04-25,2025-04-25,2025-04-25
의료데이터 합성기술 및 의료 인공지능 기술기반 디지털의료제품 개발,"생성형 AI 기술 개발을 통해 의료데이터 관련 제도적 난제(개인정보보호법, 의료법 등)를 극복한 AI 탑재 디지털의료제품 개발로 글로벌 시장 경쟁력 확보","의료데이터 합성기술 및 의료 인공지능 기술기반 디지털의료제품 개발 : 생성형AI 활용 비정형/정형 의료데이터 합성 기술, 합성데이터 활용 온디바이스 AI 디지털의료제품 개발, 생성형 AI 활용 합성데이터 및 디지털의료제품 검증 기술","기업, 대학, 연구소, 병원 등 산업기술혁신촉진법 제11조 제2항 및 같은 법 시행령 제11조, 산업기술혁신사업 공통 운영요령 제2조제1항제3호, 제4호 및 제4의2호, 9의3부터 9의5에 해당하는 기관 ","과제당 연간 12억원 내외, 총 개발기간 57개월 이내 ※ 세부과제별 지원규모 및 지원기간은 공고 시 별도 안내 ",28,0,28,2025-01-25,2025-01-25,2025-02-25,2025-03-25,2025-03-25,2025-04-25,2025-04-25,2025-04-25
인체밀착형 웨어러블 기기용 전고체 리튬 고분자 배터리 개발,리튬이온 배터리의 안전성 향상 및 다양한 형태의 배터리 제조가 가능할 수 있는 고체 고분자 전해질이 적용된 전고체 리튬 고분자 배터리 및 소재부품 기술개발을 추진,"인체밀착형 웨어러블 기기용 전고체 리튬 고분자 배터리 개발 : 미래소형 무선 전자기기, IoT 및 4차산업용 등 인체 밀착형 웨어러블 기기용 전원으로 활용 가능한 부품으로, 액체전해질을 사용한 전지에 비해 안전성과 에너지밀도가 향상된 전고체 고분자 전해질이 적용된 소형의 전고체 리튬 고분자 배터리 및 관련 소재기술 개발 분야","기업, 대학, 연구기관, 연구조합 등 산업기술혁신촉진법 제11조 제2항 및 같은 법 시행령 제11조, 산업기술혁신사업 공통 운영요령 제2조제1항제3호, 제4호 및 제4의2호, 9의3부터 9의5에 해당하는 기관 ","과제당 연간 14억원 내외, 총 개발기간 4년 ※ 세부과제별 지원규모 및 지원기간은 공고 시 별도 안내 ",50,0,50,2025-01-25,2025-01-25,2025-02-25,2025-03-25,2025-03-25,2025-04-25,2025-04-25,2025-04-25
자동차산업기술개발(R&D),"국가 기간산업인 자동차 산업의 재도약과 지속가능한 성장동력 확보 및 미래차(전기·수소차, 자율주행차) 패러다임 전환에 대응하여 新시장 조기선점을 위한 기술개발·기반구축 지원","기술개발 : 글로벌 자동차 산업의 환경·안전 규제 강화에 대응하기 위한 핵심부품 고도화 및 미래차(전기수소차, 자율주행차) 요소기술 개발을 통해 세계 최고의 기술 경쟁력 확보 / 기반구축 : 자동차 핵심부품개발 지원 및 상용화 전주기 지원체계 등 개별기업이 구축하기 힘든 공동활용 인프라 구축 지원을 통해 중소·중견기업의 산업기술 혁심역량 제고","기업, 대학, 연구기관, 연구조합, 사업자단체 등 산업기술혁신촉진법 제11조 제 2항 및 같은 법 시행령 제 11조, 산업기술혁신사업 공통운영요령 제2조 제1항 제3호, 제4호 및 제4의 2호, 9의3부터 9의5에 해당하는 기관","과제당 연간 14.3억원 내외, 총 개발기간 3~5년 ※ 세부과제별 지원규모 및 지원기간은 공고 시 별도 안내",515.46,3388.78,3904.24,2025-01-25,2025-03-25,2025-01-25,2025-04-25,2025-03-25,2025-04-25,2025-04-25,2025-06-25
자율형소프트로봇핵심기술국제공동연구,국제 교류를 통한 자율형 소프트로봇 혁신기술 개발 및 글로벌 네트워크 구축 (기술개발/인력양성),"체화지능, 소프트로봇 기반 그리퍼, 웨어러블, 의료로봇, 이동형 로봇 등 기술 개발 및 현장 실증 ※ 韓산업부-美국방부간 자율로봇 공동 기초 연구를 위한 작업반 운영","기업, 대학, 연구기관, 연구조합, 사업자단체 등 산업기술혁신촉진법 제11조 제2항 및 같은 법 시행령 제11조, 산업기술혁신사업 공통 운영요령 제2조제1항제3호, 제4호 및 제4의2호, 9의3부터 9의5에 해당하는 기관 ","과제당 연간 8억원 내외, 총 개발기간 4년 ※ 세부과제별 지원규모 및 지원기간은 공고 시 별도 안내 ",31.5,0,31.5,2025-01-25,2025-08-25,2025-01-25,2025-08-25,2025-08-25,2025-09-25,2025-10-25,2025-10-25
전기차배터리시스템일체형급속무선충전기술개발(R&D),충전 편의성이 우수한 전기차 무선충전의 기술 경쟁력 및 상용성 향상을 위해 전기차 적용성이 개선된 50kW급 무선 급속충전시스템 개발,"전기차 배터리시스템 일체형 급속무선충전 기술개발 : 차량용 배터리 일체형 무선충전 수신부(VA), 차량용 무선충전기 및 송신부 모듈(GA), 신뢰성·평가, 무선충전 표준 등 전기차 무선충전과 관련한 기술개발","기업, 대학, 연구기관, 연구조합, 사업자단체 등 산업기술혁신촉진법 제11조 제2항 및 같은 법 시행령 제11조, 산업기술혁신사업 공통 운영요령 제2조제1항제3호, 제4호 및 제4의2호, 9의3부터 9의5에 해당하는 기관 ","과제당 연간 10억원 내외, 총 개발기간 4년 ※ 세부과제별 지원규모 및 지원기간은 공고 시 별도 안내 ",40,0,40,2025-01-25,2025-01-25,2025-02-25,2025-03-25,2025-03-25,2025-04-25,2025-04-25,2025-04-25
전자부품산업기술개발,디스플레이·반도체 분야 초격차 확보를 위한 전자부품 핵심 원천기술·상용화 기술개발 및 주력산업 제조공정 지능화를 위한 IT융합 시스템·부품 기술개발,"디스플레이 : OLED 기술초격차 확보를 위한 핵심 원천·상용화 기술개발 및 실증 지원, 차세대 디스플레이인 무기발광 디스플레이 기술 선도를 위한 마이크로LED 핵심기술 개발 지원 / 반도체 : 국내 중소·중견 기업 경쟁력 강화를 위한 공통 디자인 플랫폼 및 초고속 인터페이스 IP 개발 및 해외 주요시장 현지 수요 기반 시스템 반도체 제품 개발 지원 / IT융합 : 산업 AI 내재화 및 온디바이스 AI 융합기술 개발을 통한 주력산업 제조공정 지능화 및 첨단제조 경쟁력 강화 지원 / 광ICT·LED : 글로벌 시장 선점을 위한 지능형 광ICT 디지털 시스템 핵심기술 개발 및 맞춤형 실증 지원, 차세대 탄소중립형 디지털 모듈러 LED 제품·서비스 융합기술 개발 및 실증 / 첨단나노 : 초물성·신기능 구현이 가능한 첨단나노 소재 및 초고성능 나노 융합부품 기술개발 지원 / 우주항공 : 수출형 경공격기 연료탱크 확대 및 지상충돌 회피 시스템 개발 지원, 차세대 우주항공용 고신뢰성 통신 네트워크 반도체 개발 지원","기업, 대학, 연구소 등","과제당 연간 10.3억원 내외, 총 개발기간 3~5년 ※ 세부과제별 지원규모 및 지원기간은 공고 시 별도 안내 ",259.88,1366.25,1626.13,2025-01-25,2025-05-25,2025-01-25,2025-06-25,2025-03-25,2025-07-25,2025-04-25,2025-07-25
제조공정미활용수소혼합가스기반청정연소개술개발(R&D),"제조공정* 발생 부산물 중 미활용 되고 있는 수소혼합 가연성 가스**를 연소설비의 에너지원으로 활용하고, 동시에 온실가스 및 대기오염물질을 저감할 수 있는 청정연소기술 개발 - * 기초 화학물질, 플라스틱, 산업용 반도체가스 제조공정 등 ** 수소생산이 목적이 아닌 시설에서 제품제조 시 부산물로 발생되는 수소를 함유한 미활용 가연성 가스","탄소중립, 수소경제 활성화 정책 등에 따른 저탄소 연료 전용 연소기술 및 제어시스템 등에 대한 기술개발 및 현장실증 지원 - 수소혼합가스 전용 산업용 연소시스템, 수소혼합가스 실시간 분석 및 화염진단 기반 연소제어 시스템, 수소혼합가스 연소 후 배출 대기오염물질 예측·저감 시스템 등","기업, 대학, 연구기관, 연구조합, 사업자단체 등 산업기술혁신촉진법 제11조 제2항 및 같은 법 시행령 제11조, 산업기술혁신사업 공통 운영요령 제2조제1항제3호, 제4호 및 제4의2호, 9의3부터 9의5에 해당하는 기관 ","과제당 연간 20억원 내외, 총 개발기간 5년 ※ 세부과제별 지원규모 및 지원기간은 공고 시 별도 안내 ",35,0,35,2025-02-25,2025-02-25,2025-02-25,2025-03-25,2025-03-25,2025-03-25,2025-04-25,2025-04-25
제조안전고도화기술개발사업(R&D),업종별 제조현장의 사고사례 분석을 통해 산업AI기반 제조안전기술을 개발·실증하여 글로벌 공급망 대응형 대표 안전공장 구축 - 제조현장 산업재해 예방·대응을 위한 업종 맞춤형 제조안전기술 개발 및 제조안전 얼라이언스를 통한 보급·확산을 추진하여 중대재해처벌법 확대시행 대응 및 글로벌 공급망의 안전공장 브랜드 확보,"제조안전고도화기술개발사업(제조안전기술 개발) :제조현장 사고유형을 데이터화하여 산업AI를 기반으로 이를 예방 대응할 수 있는 기기 및 솔루션 개발 / 제조안전고도화기술개발사업 (제조안전 얼라이언스) : 철강·유화·조선·뿌리·산업단지·기계·섬유·반도체·디스플레이·배터리·바이오 등 11개 업종의 기업들이 참여하여 사고사례 공동분석, 안전기술 개발·실증, 안전문화 확산 등 제조안전 플랫폼 역할 수행","기업, 대학, 연구기관, 연구조합, 사업자단체 등 산업기술혁신촉진법 제11조 제2항 및 같은 법 시행령 제11조, 산업기술혁신사업 공통 운영요령 제2조제1항제3호, 제4호 및 제4의2호, 9의3부터 9의5에 해당하는 기관","과제당 연간 10억원 내외, 총 개발기간 3년 ※ 세부과제별 지원규모 및 지원기간은 공고 시 별도 안내 ",25.5,0,25.5,2025-02-25,2025-02-25,2025-02-25,2025-03-25,2025-03-25,2025-04-25,2025-04-25,2025-04-25
조선해양산업기술개발사업,"주요 수출국의 환경 안전규제 대응 및 新시장 조기선점을 위한 미래형 조선 및 해양플랜트분야 핵심 원천 기술, 관련 기자재 개발","조선 : 환경규제 안전규제에 대응하는 핵심기술개발, IT접목을 통한 중소조선소 경쟁력 강화 집중 / 해양플랜트 : 창의 시스템 산업의 고부가가치화를 목표로 엔지니어링 등 기반분야 핵심기술 적극 육성 추진","기업, 대학, 연구기관, 연구조합, 사업자단체 등 산업기술촉진법 제 11조 제2항 및 같은법 시행령 제11조, 산업기술혁신사업 공통 운영요령 제2조 제1항제3호, 제4호 및 제4의2호, 9의3부터 9의5에 해당하는 기관","과제당 연간 10억원 내외, 총 개발기간 3~5년",274.71,916.94,1191.65,2025-01-25,2025-04-25,2025-02-25,2025-05-25,2025-03-25,2025-06-25,2025-04-25,2025-06-25
지식서비스산업기술개발,"지식서비스 분야 핵심·원천 기술개발 지원을 통해 기존산업(제조업, 서비스업 등)을 고도화하고 新서비스 창출 지원","서비스핵심기술개발 기존산업(제조업 등)의 생산성 효율성 향상과 고부가가치화를 위해 서비스요소기술을 활용한 6大 지식서비스업종* 핵심기술 중점 개발 지원 - 엔지니어링, 산업 디지털, 제조 컨설팅, 제조생산물류, 산업훈련, 시험인증 첨단기술을 활용한 기존서비스 고도화 및 산업·기술간 융합 서비스 모델 발굴, 新서비스 수요급증에 대응한 서비스 개발 지원 / 서비스산업융합고도화 : 첨단기술을 활용한 기존서비스 고도화 및 산업·기술간 융합 서비스 모델 발굴, 新서비스 수요급증에 대응한 서비스 개발 지원","기업, 대학, 연구기관, 연구조합, 사업자단체 등 산업기술혁신촉진법 제11조 제2항 및 같은 법 시행령 제11조, 산업기술혁신사업 공통 운영요령 제2조 제1항 제3호, 제4호 및 제4의2호 9의2부터 9의4에 해당하는 기관","과제당 3~5년 간, 연 10억원 내외(과제별 지원기간 및 규모는 공고 시 별도 안내)",39.5,100,139.5,2025-01-25,2025-01-25,2025-01-25,2025-02-25,2025-03-25,2025-04-25,2025-04-25,2025-04-25
차세대 모빌리티용 극한환경 적용 OLED 기술개발(R&D),"항공, 자율주행 등 시장 진입 장벽이 높은 차세대모빌리티(자율주행차, UAM, UAA) 분야 적용을 위한 고유연, 고신뢰성 OLED 디스플레이 기술개발 및 실증을 통해 신시장 창출","차세대 모빌리티용 극한환경 적용 OLED 기술개발 : 차세대 모빌리티용 신폼팩터 & 극한환경, 모듈 및 시험평가/실증 2개 분야 5개 세부기술개발 과제 지원","기업, 대학, 연구기관, 연구조합, 사업자단체 등 산업기술혁신촉진법 제11조 제2항 및 같은 법 시행령 제11조, 산업기술혁신사업 공통 운영요령 제2조제1항제3호, 제4호 및 제4의2호, 9의3부터 9의5에 해당하는 기관 ","과제당 연간 10억원 내외, 총 개발기간 5년 ※ 세부과제별 지원규모 및 지원기간은 공고 시 별도 안내 ",30,0,30,2025-01-25,2025-01-25,2025-01-25,2025-02-25,2025-03-25,2025-04-25,2025-04-25,2025-04-25
차세대전차용하이브리드파워트레인기술개발사업,"세계 최고 수준의 출력 발휘가 가능한 1,500마력급 전차용 고출력 하이브리드 파워트레인 기술개발","차세대전차용하이브리드파워트레인기술개발 : 1,500마력급 전차용 고출력 하이브리드 파워트레인 기술개발을 위하여 3개 핵심 세부기술(하이브리드 동력시스템 통합제어 및 전동화 기술, 고출력 하이브리드 동력 및 냉각시스템 기술, 하이브리드 동력시스템 차량적용검증 기술)을 개발 지원","기업, 대학, 연구기관, 연구조합, 사업자단체 등 산업기술혁신촉진법 제11조 제2항 및 같은 법 시행령 제11조, 산업기술혁신사업 공통 운영요령 제2조제1항제3호, 제4호 및 제4의2호, 9의3부터 9의5에 해당하는 기관","과제당 연간 15억원 내외, 총 개발기간 5년 ※ 세부과제별 지원규모 및 지원기간은 공고 시 별도 안내 ",30,0,30,2025-01-25,2025-01-25,2025-02-25,2025-03-25,2025-03-25,2025-04-25,2025-04-25,2025-04-25
첨단바이오의약품 비임상 유효성 평가 기술 및 제품 개발,첨단바이오 비임상 유효성 평가 플랫폼 제품화 지원 및 비임상 평가 결과 분석 통합 장비 시스템의 국산화를 통한 신약 개발 비용 절감 및 국내 기업의 글로벌 임상 진출 경쟁력 강화,글로벌 진출형 이종융합기술 기반 혁신의료제품 상용화(산업부) : 글로벌 경쟁력 확보 가능한 첨단바이오의약품 비임상 유효성 평가 플랫폼 소재·부품·소프트웨어 및 이종융합기술 기반 국산 비임상 센싱·분석 장비 제품화 지원,"기업, 대학, 연구소 등","과제당 연간 5억원 내외, 총 개발기간 57개월 내외 ※ 세부과제별 지원규모 및 지원기간은 공고 시 별도 안내",20.88,0,20.88,2025-01-25,2025-03-25,2025-01-25,2025-03-25,2025-03-25,2025-04-25,2025-04-25,2025-04-25
첨단산업용시스템엔지니어링설계모델링기술개발,국내 제조업 실정을 반영한 개념설계 모델링 도구 및 개념설계 참조모델 개발,"한국형 MBSE 개념설계 모델링 도구 개발, 첨단산업 업종 분야별 개념설계 참조모델 개발, 기술 확산 지원시스템 개발 * 후보군: 항공·방산, 차세대원자력, 미래모빌리티, 지능형로봇, 에너지신산업, 첨단제조, 첨단바이오 등 개념설계 모델링 도구가 적극적으로 활용되는 산업","기업, 대학, 연구기관, 연구조합, 사업자단체 등 산업기술혁신촉진법 제11조 제2항 및 같은 법 시행령 제11조, 산업기술혁신사업 공통 운영요령 제2조 제1항 제3호, 제4호 및 제4의2호 9의2부터 9의4에 해당하는 기관","과제당 5년 간, 연 8억원 내외(과제별 지원기간 및 규모는 공고 시 별도 안내)",16,0,16,2025-01-25,2025-01-25,2025-01-25,2025-02-25,2025-03-25,2025-04-25,2025-04-25,2025-04-25
초고해상도 AMOLED 기반 초실감 라이트필드 디스플레이 기술개발,고부가가치 Light Field* 디스플레이 시장 창출을 위한 핵심 부품·모듈 기술 내재화 및 실증 지원 * Light Field 디스플레이 : 디스플레이 패널의 각 픽셀이 시청 각도에 따라 다른 색과 밝기로 보이도록 제어하여 입체 실감 영상을 표시하는 디스플레이 - 新폼팩터 OLED 디스플레이 기반 Light Field 핵심 요소기술 개발을 통한 고부가가치 공간표시 디스플레이 산업의 선도 기반 마련,초소형/중소형 : XR 및 개인용 IT 기기용 Light Field 디스플레이 기술개발 지원 / 대형/초대형 : 다인용 대화면 Light Field 요소 기술개발 지원,"기업, 대학, 연구기관, 연구조합, 사업자단체 등 산업기술혁신촉진법 제11조 제2항 및 같은 법 시행령 제11조, 산업기술혁신사업 공통 운영요령 제2조제1항제3호, 제4호 및 제4의2호, 9의3부터 9의5에 해당하는 기관 ","과제당 연간 10억원 내외, 총 개발기간 5년 이내 ※ 세부과제별 지원규모 및 지원기간은 공고 시 별도 안내 ",51.75,0,51.75,2025-01-25,2025-01-25,2025-01-25,2025-02-25,2025-03-25,2025-04-25,2025-04-25,2025-04-25
탄소중립산업핵심기술개발(R&D),"4대 배출 업종(철강, 석유화학, 시멘트, 반/디)의 주요 탄소배출 공정을 탄소중립 공정으로 전환하는 기술개발 및 실증을 통해 제조업의 그린전환 및 2030 NDC 달성에 기여","(철강) 기존공정의 탄소감축을 위한 스크랩 고도화, 저전력 전기로 기술 및 新공정인 수소환원제철 기초기술 등 / (석유화학) 석유화학 부생가스 메탄 전환기술 및 직접가열식 전기로 기술, 플라즈마 직접 분해 기술 등 / (시멘트) 혼합재 함량 증대 및 혼합 시멘트 확대 적용기술, 유연탄 연료 대체 기술 등 / (반도체·디스플레이) 반·디 제조공정에서 사용되는 고GWP 대체가스 개발 등",국가연구개발사업 관련 규정에 의거 주관연구기관 및 연구책임자로서 신청 가능한 기관 및 연구자,"과제당 평균 28.6억원 내외(‘25년 신규/계속예산 기준), 총 개발기간 6년 ※ 세부과제별 지원규모 및 지원기간은 공고 시 별도 안내 ",6.87,1279.65,1286.52,2025-01-25,2025-01-25,2025-01-25,2025-02-25,2025-03-25,2025-04-25,2025-04-25,2025-04-25
폴리에스터 혼방섬유의 F2F(Fiber To Fiber) 리사이클 핵심 기술개발(R&D),섬유산업의 순환 시스템화(closed-loop)를 위한 폴리에스터 혼방섬유의 Fiber to Fiber* 리사이클 핵심기술 개발 * PET용기 또는 섬유스크랩의 재활용 기술보다 진일보한 폐섬유 · 폐의류 리사이클,"폴리에스터 복합섬유* Fiber to Fiber 리사이클을 위한 전처리, 해중합, 재섬유화 및 제품화 기술 개발 * 폴리에스터와 이종(異種)섬유(면, 스판덱스 등)로 구성된 직편물(혼방사 직편물, 교직물 등을 포함) 및 이를 활용하여 제조된 의류","기업, 대학, 연구기관, 연구조합, 사업자단체 등 산업기술혁신촉진법 제11조 제2항 및 같은 법 시행령 제11조, 산업기술혁신사업 공통 운영요령 제2조제1항제3호, 제4호 및 제4의2호, 9의3부터 9의5에 해당하는 기관 ",총 개발기간 5년 이내로 과제 내용 및 특성에 따라 예산 차등 지원 * 세부과제별 지원규모 및 지원기간은 공고 시 별도 안내 ,40,0,40,2025-01-25,2025-01-25,2025-01-25,2025-02-25,2025-02-25,2025-03-25,2025-04-25,2025-04-25
화합물전력반도체고도화기술개발,"국내 전력반도체 기술 고도화를 통한 상용화 기술 확보, 시장 선점 및 공급망 내재화",상용화소자 및 전력변환장치(모듈) : 전력반도체 관련 상용소자 모듈 분야 기술개발,"기업, 대학, 연구기관, 연구조합, 사업자단체 등 산업기술혁신촉진법 제11조 제2항 및 같은 법 시행령 제11조, 산업기술혁신사업 공통 운영요령 제2조제1항제3호, 제4호 및 제4의2호, 9의3부터 9의5에 해당하는 기관 ","과제당 연간 12억원 내외, 총 개발기간 4년 ※ 세부과제별 지원규모 및 지원기간은 공고 시 별도 안내 ",55,156.7,211.7,2025-01-25,2025-01-25,2025-02-25,2025-03-25,2025-03-25,2025-04-25,2025-04-25,2025-04-25
